Task,Status,Assignee,Output Type,Link,Daily time required,Start,Deadline,Completed,Project,Project Status (from Project),Type,Availability,Predecessors,Additional Versions,DOI,DOI Service,Range,Photo (from Assignee),Is Overdue,Is Complete,Description,Order,Access_Metrics,Access_Metrics 2
Speculative Reading,,,,,,,,,,,,,,,,,#ERROR!,,Yes,,,b2V,,
and Egyptian Miracles of Mary (PEMM) Project Dataset,,,,,,,,,,,,,,,,,#ERROR!,,Yes,,,b2N,,
Princeton Ethiopian,,,,,,,,,,,,,,,,,#ERROR!,,Yes,,,b2L,,
Books,,,,,,,,,,,,,,,,,#ERROR!,,Yes,,,b2P,,
Missing Data,,,,,,,,,,,,,,,,,#ERROR!,,Yes,,,b2U,,
CDH Project Charter – Princeton Geniza Project Year 2,,,,,,,,,,,,,,,,,#ERROR!,,Yes,,,b2S,,
Eritrean,,,,,,,,,,,,,,,,,#ERROR!,,Yes,,,b2M,,
Events: v1.0,,,,,,,,,,,,,,,,,#ERROR!,,Yes,,,b2Q,,
2021-2022,,,,,,,,,,,,,,,,,#ERROR!,,Yes,,,b2T,,
Shakespeare and Company Project Dataset: Lending Library Members,,,,,,,,,,,,,,,,,#ERROR!,,Yes,,,b2O,,
 Derrida's Margins datasets: v1.1,Done,Rebecca Koeser,,https://doi.org/10.34770/8nc6-4418,,,,1/1/2024,🌐Derrida’s Margins,Completed Projects,Dataset,,,,10.34770/8nc6-4418,,#ERROR!,,,Yes,,b15,,3
CDH Project Charter – Derrida's Margins 2016-17,Done,"Natalia Ermolaev,Jean Bauer,Katie Chenoweth",,https://doi.org/10.5281/zenodo.3359144,,,,6/20/2016,🌐Derrida’s Margins,Completed Projects,Grey Literature,,,,10.5281/zenodo.3359144,Zenodo,#ERROR!,,,Yes,,b1U,,"4,5,127,131"
Derrida's Margins web archive,Released,Rebecca Koeser,,https://doi.org/10.34770/yw3y-ze12,,,,5/29/2024,🌐Derrida’s Margins,Completed Projects,WebArchive,,,,10.34770/yw3y-ze12,,#ERROR!,,Yes,Yes,,b10,,"1,2,107,108,195,196,197,198"
Derrida's Margins website,Released,Rebecca Koeser,,https://derridas-margins.princeton.edu/,,,,,🌐Derrida’s Margins,Completed Projects,Website,,,,https://derridas-margins.princeton.edu/,,#ERROR!,,Yes,Yes,,b1W,,"8,100,104"
"CDH Project Charter – Princeton Geniza Project Year 2, 2021-2022",Done,,,https://doi.org/10.5281/zenodo.7841822,,,,10/21/2021,🌐Geniza,Affiliated Lab,Grey Literature,,,,10.5281/zenodo.7841822,Zenodo,#ERROR!,,,Yes,,b1Y,,"14,15,136,138"
CDH Project Charter – Princeton Geniza Project 2020-2021,Done,,,https://doi.org/10.5281/zenodo.4081714,,,,10/28/2020,🌐Geniza,Affiliated Lab,Grey Literature,,,,10.5281/zenodo.4081714,Zenodo,#ERROR!,,,Yes,,b1Z,,"16,17,126,128"
Geniza Data Essay,Done,,,,,,,,🌐Geniza,Affiliated Lab,Publication,,,,,,#ERROR!,,,Yes,,b1i,,
geniza,Released,Rebecca Koeser,,https://doi.org/10.5281/zenodo.7347726,,,,11/22/2022,🌐Geniza,Affiliated Lab,Software Release,,,,10.5281/zenodo.7347726,Zenodo,#ERROR!,,Yes,Yes,,b0x,,"6,7,178,186"
annotorious-tahqiq,Released,Rebecca Koeser,,https://doi.org/10.5281/zenodo.14888965,,,,10/6/2022,🌐Geniza,Affiliated Lab,Software Release,,,,10.5281/zenodo.14888965,Zenodo,#ERROR!,,Yes,Yes,,b0y,,"12,13,179,183"
Princeton Geniza Website,Released,Rebecca Koeser,,https://geniza.princeton.edu/en/,,,,,🌐Geniza,Affiliated Lab,Website,,,,https://geniza.princeton.edu/en/,,#ERROR!,,Yes,Yes,,b1b,,"11,98,105"
Geniza Datasets,Released,,,https://doi.org/10.5281/zenodo.15839055,,,,,🌐Geniza,Affiliated Lab,Dataset,,,,10.5281/zenodo.15839055,,#ERROR!,,Yes,Yes,,b1h,,
lenape-timetree,Done,,,https://doi.org/10.5281/zenodo.8040362,,,,6/24/2023,🌐Lunaapahkiing Princeton Timetree,Completed Projects,Software Release,,,,10.5281/zenodo.8040362,Zenodo,#ERROR!,,,Yes,,b1n,,
Walled Gardens Cambridge Elements volume,To do,"Rebecca Koeser,Mary Naydan,Meredith Martin",Tier 1 Faculty Publication,,,,8/27/2027,,🌐Princeton Prosody Archive,"Active Legacy Project,Active Collaboration",Publication,,,,,,#ERROR!,,,,,b0t,,
PPA Full-text dataset data paper,To do,Rebecca Koeser,Tier 2 Collaborative Publication,,,,9/12/2025,,🌐Princeton Prosody Archive,"Active Legacy Project,Active Collaboration",Publication,,,,,,#ERROR!,,Yes,,,b0p,,
PPA Found poems data paper,To do,"Laure Thompson,Rebecca Koeser",Tier 2 Collaborative Publication,,,,8/28/2026,,🌐Princeton Prosody Archive,"Active Legacy Project,Active Collaboration",Publication,,,,,,#ERROR!,,,,,b0q,,
Annotation Data Set with Data Essay,To do,"Laure Thompson,Mary Naydan",Tier 2 Collaborative Publication,,,,8/28/2026,,🌐Princeton Prosody Archive,"Active Legacy Project,Active Collaboration","Publication,Dataset",,,,,,#ERROR!,,,,,b0r,,
PPA Full Text Dataset and Metadata,To do,"Rebecca Koeser,Meredith Martin,Laure Thompson",Tier 2 Collaborative Publication,,,5/14/2025,9/12/2025,,🌐Princeton Prosody Archive,"Active Legacy Project,Active Collaboration",Dataset,,,,,,05-14 → 09-12,,Yes,,,b23,,
PPA Found Poems Dataset,To do,"Laure Thompson,Rebecca Koeser,Meredith Martin",Tier 2 Collaborative Publication,,,,8/28/2026,,🌐Princeton Prosody Archive,"Active Legacy Project,Active Collaboration",Dataset,,,,,,#ERROR!,,,,,b24,,
Elizabeth Barrett Browning's Pathways through the PPA,Done,Meredith Martin,Tier 1 Faculty Publication,http://doi.org/10.5281/zenodo.8292322,,,,3/17/2019,🌐Princeton Prosody Archive,"Active Legacy Project,Active Collaboration",Publication,,,,10.5281/zenodo.8292322,Zenodo,#ERROR!,,,Yes,,b1T,,"28,65,164,168"
Coventry Patmore and the Problem of Excerpts,Done,Meredith Martin,Tier 1 Faculty Publication,https://doi.org/10.5281/zenodo.8292370,,,,3/5/2019,🌐Princeton Prosody Archive,"Active Legacy Project,Active Collaboration",Publication,,,,10.5281/zenodo.8292370,Zenodo,#ERROR!,,,Yes,,b1p,,"29,66,166,167"
Poetry's Data,Done,Meredith Martin,Tier 1 Faculty Publication,,,,,4/22/2025,🌐Princeton Prosody Archive,"Active Legacy Project,Active Collaboration",Publication,,,,,,#ERROR!,,,Yes,,b25,,
Princeton Prosody Archive: Rebuilding the Collection and User Interface,Done,"Meredith Martin,Mary Naydan,Meagan Wilson",Tier 1 Faculty Publication,https://doi.org/10.5281/zenodo.17049420,,,,6/26/2018,🌐Princeton Prosody Archive,"Active Legacy Project,Active Collaboration",Presentation / Poster,,,,10.5281/zenodo.17049420,Zenodo,#ERROR!,,,Yes,,b2G,,
Unstable Data and the Unusual Case of the Prosody Excerpt in the Digital Library,Done,"Rebecca Koeser,Mary Naydan",Tier 2 Collaborative Publication,https://doi.org/10.63744/cTWwVSItf41f,,,12/12/2025,11/21/2025,🌐Princeton Prosody Archive,"Active Legacy Project,Active Collaboration",Publication,,,,10.63744/cTWwVSItf41f,,#ERROR!,,,Yes,,b0m,,
Princeton Prosody Archive Dataset Generated from T. V. F. Brogan's Original Bibliography,Done,"Meredith Martin,Meagan Wilson",Tier 2 Collaborative Publication,https://doi.org/10.5281/zenodo.3255052,,,,6/25/2019,🌐Princeton Prosody Archive,"Active Legacy Project,Active Collaboration",Dataset,,,,10.5281/zenodo.3255052,Zenodo,#ERROR!,,,Yes,,b1N,,"20,21,110,111"
Beyond the Walled Gardens: Reinventing the Digital Research Landscape with the Princeton Prosody Archive,Done,"Mary Naydan,Rebecca Koeser,Meredith Martin",Tier 2 Collaborative Publication,https://doi.org/10.5281/zenodo.13850967,,,,8/9/2024,🌐Princeton Prosody Archive,"Active Legacy Project,Active Collaboration",Presentation / Poster,,,,10.5281/zenodo.13850967,Zenodo,#ERROR!,,,Yes,,b1R,,"24,25,145,150"
Working around Walled Gardens: The Princeton Prosody Archive as Workflow,Done,"Mary Naydan,Rebecca Koeser,Meredith Martin",Tier 2 Collaborative Publication,https://doi.org/10.5281/zenodo.12575879,,,,6/27/2024,🌐Princeton Prosody Archive,"Active Legacy Project,Active Collaboration",Presentation / Poster,,,,10.5281/zenodo.12575879,Zenodo,#ERROR!,,,Yes,,b1S,,"26,27,146,148"
CDH Project Charter — Princeton Prosody Archive 2017-18,Done,"Rebecca Koeser,Meredith Martin,Rebecca Munson,Xinyi Li,Meagan Wilson",Tier 2 Collaborative Publication,https://doi.org/10.5281/zenodo.3359171,,,,8/21/2019,🌐Princeton Prosody Archive,"Active Legacy Project,Active Collaboration",Grey Literature,,,,10.5281/zenodo.3359171,Zenodo,#ERROR!,,,Yes,,b1v,,"30,67,125,130"
Unstable Data and the Unusual Case of the Prosody Excerpt in the Digital Library (poster),Done,"Rebecca Koeser,Mary Naydan",Tier 2 Collaborative Publication,https://doi.org/10.5281/zenodo.18187580,,,12/12/2025,11/21/2025,🌐Princeton Prosody Archive,"Active Legacy Project,Active Collaboration",Presentation / Poster,,,,10.5281/zenodo.18187580,,#ERROR!,,,Yes,,b2K,,
corppa,Released,"Rebecca Koeser,Laure Thompson",Tier 2 Collaborative Publication,https://doi.org/10.5281/zenodo.15312547,,,,4/30/2025,🌐Princeton Prosody Archive,"Active Legacy Project,Active Collaboration",Software Release,,,,10.5281/zenodo.15312547,Zenodo,#ERROR!,,Yes,Yes,,b0o,,"18,19,191,192"
Princeton Prosody Archive Website,Released,Rebecca Koeser,Tier 2 Collaborative Publication,https://prosody.princeton.edu/,,,,,🌐Princeton Prosody Archive,"Active Legacy Project,Active Collaboration",Website,,,,https://prosody.princeton.edu/,,#ERROR!,,Yes,Yes,,b1P,,"9,101,103"
ppa-django,Released,Rebecca Koeser,Tier 2 Collaborative Publication,https://doi.org/10.5281/zenodo.2400704,,,,12/18/2018,🌐Princeton Prosody Archive,"Active Legacy Project,Active Collaboration",Software Release,,,,10.5281/zenodo.2400704,Zenodo,#ERROR!,,Yes,Yes,,b1Q,,"22,23,176,184"
 Shakespeare and Company Project Datasets: v2.0,Done,Rebecca Koeser,,https://doi.org/10.34770/kf6c-b079,,,,2/24/2025,🌐Shakespeare and Company,Active Legacy Project,Dataset,,"""Shakespeare and Company Project Dataset: Lending Library Members, Books, Events: v1.0"",Shakespeare and Company Project Dataset: Lending Library Events: v1.0,Shakespeare and Company Project Dataset: Lending Library Books: v1.0,Shakespeare and Company Project Dataset: Lending Library Members: v1.0",,10.34770/kf6c-b079,,#ERROR!,,,Yes,,b0z,,"32,69"
"Shakespeare and Company Project Dataset: Lending Library Members, Books, Events: v1.0",Done,Rebecca Koeser,,https://doi.org/10.34770/dtqa-2981,,,,1/1/2020,🌐Shakespeare and Company,Active Legacy Project,Dataset,,,"- https://doi.org/10.34770/pe9w-x904
- https://doi.org/10.34770/39sq-bm51
- https://doi.org/10.34770/dtqa-2981 ",10.34770/dtqa-2981,,#ERROR!,,,Yes,,b16,,"33,96,114,120"
Shakespeare and Company Project Dataset: Lending Library Members: v1.0,Done,Rebecca Koeser,,https://doi.org/10.34770/8c2s-a169,,,,1/1/2020,🌐Shakespeare and Company,Active Legacy Project,Dataset,,,"- https://doi.org/10.34770/ht30-g395
- https://doi.org/10.34770/nsa4-3t76
- https://doi.org/10.34770/8c2s-a169 ",10.34770/8c2s-a169,,#ERROR!,,,Yes,,b17,,"34,70,115,118"
Shakespeare and Company Project Dataset: Lending Library Events: v1.0,Done,Rebecca Koeser,,https://doi.org/10.34770/nz90-ym25,,,,1/1/2020,🌐Shakespeare and Company,Active Legacy Project,Dataset,,,"- https://doi.org/10.34770/2r93-0t85
- https://doi.org/10.34770/rtbp-kv40
- https://doi.org/10.34770/nz90-ym25",10.34770/nz90-ym25,,#ERROR!,,,Yes,,b18,,"35,71,116,119"
Shakespeare and Company Project Dataset: Lending Library Books: v1.0,Done,Rebecca Koeser,,https://doi.org/10.34770/yj5r-0m59,,,,1/1/2020,🌐Shakespeare and Company,Active Legacy Project,Dataset,,,"- https://doi.org/10.34770/g467-3w07
- https://doi.org/10.34770/079z-h206
- https://doi.org/10.34770/yj5r-0m59",10.34770/yj5r-0m59,,#ERROR!,,,Yes,,b19,,"36,97,113,117"
The World of Shakespeare and Company: An Introduction,Done,"Rebecca Koeser,Joshua Kotin",,https://doi.org/10.22148/001c.116905,,,,5/29/2024,🌐Shakespeare and Company,Active Legacy Project,Publication,,,,10.22148/001c.116905,,#ERROR!,,,Yes,,b1d,,"38,72,157,170"
"Missing Data, Speculative Reading",Done,"Rebecca Koeser,Zoe LeBlanc",,https://doi.org/10.22148/001c.116926,,,,5/29/2024,🌐Shakespeare and Company,Active Legacy Project,Publication,,,,10.22148/001c.116926,,#ERROR!,,,Yes,,b1e,,"39,73,158,169"
Shakespeare and Company Project Data Sets,Done,"Rebecca Koeser,Joshua Kotin",,https://doi.org/10.22148/001c.32551,,,,2/9/2022,🌐Shakespeare and Company,Active Legacy Project,Publication,,,,10.22148/001c.32551,,#ERROR!,,,Yes,,b1f,,"40,74,155,162"
Shakespeare and Company Project,Done,"Rebecca Koeser,Joshua Kotin",,https://doi.org/10.21428/51bee781.13f8c789,,,,2/25/2021,🌐Shakespeare and Company,Active Legacy Project,Publication,,,,10.21428/51bee781.13f8c789,,#ERROR!,,,Yes,,b1g,,"41,174"
A Counterfactual Canon,Done,Joshua Kotin,,https://doi.org/10.22148/001c.116915,,,,5/29/2024,🌐Shakespeare and Company,Active Legacy Project,Publication,,,,10.22148/001c.116915,,#ERROR!,,,Yes,,b1w,,"42,75,159,171"
Documents to Data: the evolution of approaches to a library archive,Done,"Rebecca Koeser,Rebecca Munson,Joshua Kotin",,https://doi.org/10.5281/zenodo.3277319,,,,7/23/2019,🌐Shakespeare and Company,Active Legacy Project,Presentation / Poster,,,,10.5281/zenodo.3277319,Zenodo,#ERROR!,,,Yes,,b21,,"43,76,141,142"
" Shakespeare and Company Project Data Sets, Version 2.0",Done,"Rebecca Koeser,Joshua Kotin",Tier 1 Faculty Publication,https://doi.org/10.22148/jca.1114,,2/24/2025,12/19/2025,5/8/2026,🌐Shakespeare and Company,Active Legacy Project,Publication,,,,10.22148/jca.1114,,02-24 → 12-19,,,Yes,,b27,,"199,200"
mep-django,Released,Rebecca Koeser,,https://doi.org/10.5281/zenodo.3834178,,,,5/19/2020,🌐Shakespeare and Company,Active Legacy Project,Software Release,,,,10.5281/zenodo.3834178,Zenodo,#ERROR!,,Yes,Yes,,b0u,,"31,68,175,181"
Shakespeare and Company Website,Released,Rebecca Koeser,,https://shakespeareandco.princeton.edu/,,,,,🌐Shakespeare and Company,Active Legacy Project,Website,,,,https://shakespeareandco.princeton.edu/,,#ERROR!,,Yes,Yes,,b1a,,"10,99,106"
CDH Project Charter — bitKlavier 2017-18,Done,"Rebecca Koeser,Rebecca Munson,Dan Trueman",,https://doi.org/10.5281/zenodo.3359175,,,,9/6/2017,bitKlavier,Completed Projects,Grey Literature,,,,10.5281/zenodo.3359175,Zenodo,#ERROR!,,,Yes,,b1u,,"45,78,129,135"
Preparing the Digital Piano: Introducing bitKlavier,Done,Dan Trueman,,https://doi.org/10.1162/comj_a_00518,,,,6/20/2020,bitKlavier,Completed Projects,Publication,,,,10.1162/comj_a_00518,,#ERROR!,,,Yes,,b1x,,"46,79,163,172"
Tuning Playfully: Composed and Adaptive Tunings in bitKlavier,Done,Dan Trueman,,https://doi.org/10.1162/comj_a_00519,,,,6/1/2019,bitKlavier,Completed Projects,Publication,,,,10.1162/comj_a_00519,,#ERROR!,,,Yes,,b20,,"47,80,165,173"
bitKlavier,Released,Dan Trueman,,https://doi.org/10.5281/zenodo.3667650,,,,2/14/2020,bitKlavier,Completed Projects,Software Release,,,,10.5281/zenodo.3667650,Zenodo,#ERROR!,,Yes,Yes,,b1o,,"44,77,177,185"
"""Built by CDH"" Long Term Software Agreement",Done,"Rebecca Koeser,Jean Bauer",,https://doi.org/10.5281/zenodo.3359202,,,,1/1/2018,Internal Projects / PM and Process,CDH Research,Grey Literature,,,,10.5281/zenodo.3359202,Zenodo,#ERROR!,,,Yes,,b1X,,"49,82,133,137"
Project Management 101,Done,Mary Naydan,,https://doi.org/10.5281/zenodo.14907039,,,,2/21/2025,Internal Projects / PM and Process,CDH Research,Presentation / Poster,,,,10.5281/zenodo.14907039,Zenodo,#ERROR!,,,Yes,,b1c,,"50,83,149,151"
Modeling Project Management through Charters,Done,"Jeri Wieringa,Mary Naydan",,https://doi.org/10.5281/zenodo.14516760,,,,6/20/2024,Internal Projects / PM and Process,CDH Research,Presentation / Poster,,,,10.5281/zenodo.14516760,Zenodo,#ERROR!,,,Yes,,b1k,,"52,85,147,154"
Data Beyond Vision,Done,"Rebecca Koeser,Gissoo Doroudian,Nick Budak",,https://doi.org/10.5281/zenodo.3713670,,,,10/1/2020,Internal Projects / PM and Process,CDH Research,Publication,,,,10.5281/zenodo.3713670,Zenodo,#ERROR!,,,Yes,,b1q,,"54,56,87,156,160,161"
What If You Could Touch Data?,Done,Rebecca Koeser,,https://medium.com/nightingale/what-if-you-could-touch-data-9c3a82a73407,,,,12/7/2020,Internal Projects / PM and Process,CDH Research,Publication,,,,https://medium.com/nightingale/what-if-you-could-touch-data-9c3a82a73407,,#ERROR!,,,Yes,,b1z,,
Data Beyond Vision,Done,"Rebecca Koeser,Nick Budak,Xinyi Li,Gissoo Doroudian",,https://doi.org/10.5281/zenodo.3261530,,,,7/12/2019,Internal Projects / PM and Process,CDH Research,Presentation / Poster,,,,10.5281/zenodo.3261530,Zenodo,#ERROR!,,,Yes,,b22,,
"Everything, All at Once, Yesterday: Creating Research Software with Humanities Faculty",Done,"Mary Naydan,Jeri Wieringa",Tier 3 Staff Publication,https://doi.org/10.5281/zenodo.17315341,,,,10/8/2025,Internal Projects / PM and Process,CDH Research,Presentation / Poster,,,,10.5281/zenodo.17315341,,#ERROR!,,,Yes,,b2J,,
djiffy,Released,Rebecca Koeser,,https://doi.org/10.5281/zenodo.15587021,,,,2/16/2022,Internal Projects / PM and Process,CDH Research,Software Release,,,,10.5281/zenodo.15587021,Zenodo,#ERROR!,,Yes,Yes,,b0w,,"48,81,182,190"
piffle,Released,Rebecca Koeser,,https://doi.org/10.5281/zenodo.13256210,,,,5/26/2021,Internal Projects / PM and Process,CDH Research,Software Release,,,,10.5281/zenodo.13256210,Zenodo,#ERROR!,,Yes,Yes,,b1j,,"51,84,187,193"
django-pucas,Released,Rebecca Koeser,,https://doi.org/10.5281/zenodo.13905619,,,,1/1/2024,Internal Projects / PM and Process,CDH Research,Software Release,,,,10.5281/zenodo.13905619,Zenodo,#ERROR!,,Yes,Yes,,b1m,,"53,86,189,194"
Citation Detection Pipeline,To do,"Laure Thompson,Mary Naydan,Hao Tan,Rebecca Koeser",,,,8/4/2025,10/3/2025,,Marxism’s Marx,Active Collaboration,Software Release,,,,,,08-04 → 10-03,,Yes,,,b0f,,
Citations Dataset,To do,,,,,,3/27/2026,,Marxism’s Marx,Active Collaboration,Dataset,,,,,,#ERROR!,,Yes,,,b0g,,
Citations Data Paper,To do,,,,,,3/27/2026,,Marxism’s Marx,Active Collaboration,Publication,,,,,,#ERROR!,,Yes,,,b0h,,
Citing Marx Project Whitepaper,To do,,,,,10/1/2025,12/19/2025,,Marxism’s Marx,Active Collaboration,Grey Literature,,,,,,10-01 → 12-19,,Yes,,,b0i,,
Citing Marx Project Charter,Done,"Mary Naydan,Rebecca Koeser",,https://doi.org/10.5281/zenodo.14861082,,1/6/2025,2/10/2025,2/10/2025,Marxism’s Marx,Active Collaboration,Grey Literature,,,,10.5281/zenodo.14861082,Zenodo,01-06 → 02-10,,,Yes,,b0c,,"57,89,139,140"
Annotated Text from DNZ,Done,Edward Baring,,,,9/2/2024,1/31/2025,1/31/2025,Marxism’s Marx,Active Collaboration,Dataset,,,,,,09-02 → 01-31,,,Yes,,b0d,,
Technical Specification Document,Done,"Rebecca Koeser,Laure Thompson",,,,3/3/2025,7/23/2025,,Marxism’s Marx,Active Collaboration,Grey Literature,,,,,,03-03 → 07-23,,,Yes,,b0e,,
MUSE Project Charter,To do,Mary Naydan,,,,8/25/2025,9/26/2025,,Music Theory in the Plural,Active Collaboration,Grey Literature,,,,,,08-25 → 09-26,,Yes,,,b0j,,
MUSE Whitepaper,To do,,,,,,4/30/2026,,Music Theory in the Plural,Active Collaboration,,,,,,,#ERROR!,,Yes,,,b28,,
HTR2HPC Project Charter,Done,"Mary Naydan,Christine Roughan",Tier 2 Collaborative Publication,https://zenodo.org/records/17344496,,6/17/2024,,7/12/2024,Open HTR,Active Collaboration,Grey Literature,,,,https://zenodo.org/records/17344496,,#ERROR!,,,Yes,,b1F,,
Integrating ATR Software with University HPC Infrastructure: balancing diverse compute needs,Done,"Rebecca Koeser,Christine Roughan",Tier 3 Staff Publication,https://doi.org/10.5281/zenodo.17245594,,5/1/2025,8/30/2025,10/1/2025,Open HTR,Active Collaboration,Publication,,,,10.5281/zenodo.17245594,,05-01 → 08-30,,,Yes,,b1O,,
Software for Integration,Released,"Rebecca Koeser,Christine Roughan",,,,,,,Open HTR,Active Collaboration,,,,,,,#ERROR!,,Yes,Yes,,b2F,,
"Princeton Ethiopian, Eritrean, and Egyptian Miracles of Mary (PEMM) Project Dataset",Done,"Rebecca Koeser,Nick Budak,Jean Bauer",,https://doi.org/10.5281/zenodo.6909568,,,,4/20/2023,"""Princeton Ethiopian, Eritrean, and Egyptian Miracles of Mary (PEMM) Project""",Completed Projects,Dataset,,,,10.5281/zenodo.6909568,Zenodo,#ERROR!,,,Yes,,b1s,,"58,90,102,109"
CDH Project Charter – Princeton Ethiopian Miracles of Mary 2019-20,Done,"Wendy Belcher,Meredith Martin,Rebecca Koeser,Rebecca Munson,Gissoo Doroudian",,https://doi.org/10.5281/zenodo.3359177,,,,8/2/2019,"""Princeton Ethiopian, Eritrean, and Egyptian Miracles of Mary (PEMM) Project""",Completed Projects,Grey Literature,,,,10.5281/zenodo.3359177,Zenodo,#ERROR!,,,Yes,,b1t,,"59,91,123,124"
Dissertation to Book,To do,Mary Naydan,,,,,,,R&D,CDH Research,,,,,,,#ERROR!,,Yes,,,b2E,,
ISFDB Dataset,In progress,Laure Thompson,,,,,,,R&D,CDH Research,,,,,,,#ERROR!,,Yes,,,b29,,
Of Time and Topics (Books),In progress,Jeri Wieringa,,,,,,,R&D,CDH Research,,,,,,,#ERROR!,,Yes,,,b2D,,
Undate Software Paper,Done,Rebecca Koeser,,,,1/1/2025,7/3/2025,,R&D,CDH Research,Publication,,,,,,01-01 → 07-03,,,Yes,,b1E,,
Undate in Action presentation,Done,Rebecca Koeser,,,,,7/18/2025,,R&D,CDH Research,,,,,,,#ERROR!,,,Yes,,b2C,,
Community Code Review in the Digital Humanities,Done,Rebecca Koeser,Tier 3 Staff Publication,https://doi.org/10.5281/zenodo.17315400,,,,10/10/2025,R&D,CDH Research,,,,,10.5281/zenodo.17315400,,#ERROR!,,,Yes,,b2H,,
Undate: computing with uncertain and partially-unknown dates,Done,Rebecca Koeser,Tier 3 Staff Publication,https://doi.org/10.5281/zenodo.17253973,,,,10/3/2025,R&D,CDH Research,Presentation / Poster,,,,10.5281/zenodo.17253973,,#ERROR!,,,Yes,,b2I,,
undate,Released,Rebecca Koeser,,https://doi.org/10.5281/zenodo.11068867,,,,4/25/2024,R&D,CDH Research,Software Release,,,,10.5281/zenodo.11068867,Zenodo,#ERROR!,,Yes,Yes,,b1V,,"60,92,180,188"
CHR Lightning Talk,Submitted,Hao Tan,,,,,,,R&D,CDH Research,,,,,,,#ERROR!,,Yes,,,b2A,,
CHR Lightning Talk ,Submitted,Laure Thompson,,,,,,,R&D,CDH Research,,,,,,,#ERROR!,,Yes,,,b2B,,
Simulation (Technical) Paper,To do,Rebecca Koeser,,,,,,,Simulating Risks,Active Collaboration,Publication,,,,,,#ERROR!,,Yes,,,b1r,,
Scholarly article (Philosophy) for publications,In progress,Lara Buchak,,,,6/5/2023,,,Simulating Risks,Active Collaboration,Publication,,,,,,#ERROR!,,Yes,,,b1L,,
DH article on modeling - Debates in DH piece,In progress,"Jeri Wieringa,Rebecca Koeser",,,,6/15/2025,10/31/2025,,Simulating Risks,Active Collaboration,Publication,,,,,,06-15 → 10-31,,Yes,,,b1M,,
Simulating Risk Project Charter,Done,Rebecca Koeser,,https://doi.org/10.5281/zenodo.8087661,,,,7/19/2022,Simulating Risks,Active Collaboration,Grey Literature,,,,10.5281/zenodo.8087661,Zenodo,#ERROR!,,,Yes,,b0k,,"62,93,132,134"
Simulating risk attitudes and rationality using agent-based modeling,Done,Rebecca Koeser,,https://doi.org/10.5281/zenodo.14516700,,,,8/5/2024,Simulating Risks,Active Collaboration,Presentation / Poster,,,,10.5281/zenodo.14516700,Zenodo,#ERROR!,,,Yes,,b0v,,"63,94,152,153"
Theorizing risk attitudes and rationality using agent based modeling,Done,"Rebecca Koeser,Lara Buchak",,https://doi.org/10.5281/zenodo.14516240,,,,8/7/2024,Simulating Risks,Active Collaboration,Presentation / Poster,,,,10.5281/zenodo.14516240,Zenodo,#ERROR!,,,Yes,,b1l,,"64,95,143,144"