ID,Outputs,Project (from Outputs),Type (from Outputs),Link (from Outputs),Start Date,End Date,Count,Metric Type,DOI Provider,Retrieved Date,Status
102,,,,,,,,,,2026-08-11,no-link
58,"""Princeton Ethiopian, Eritrean, and Egyptian Miracles of Mary (PEMM) Project Dataset""","""Princeton Ethiopian, Eritrean, and Egyptian Miracles of Mary (PEMM) Project""",Dataset,https://doi.org/10.5281/zenodo.6909568,,,2059,Views,Zenodo,2026-08-11,ok
90,"""Princeton Ethiopian, Eritrean, and Egyptian Miracles of Mary (PEMM) Project Dataset""","""Princeton Ethiopian, Eritrean, and Egyptian Miracles of Mary (PEMM) Project""",Dataset,https://doi.org/10.5281/zenodo.6909568,,,2735,Downloads,Zenodo,2026-08-11,ok
20,Princeton Prosody Archive Dataset Generated from T. V. F. Brogan's Original Bibliography,🌐Princeton Prosody Archive,Dataset,https://doi.org/10.5281/zenodo.3255052,,,819,Views,Zenodo,2026-08-11,ok
21,Princeton Prosody Archive Dataset Generated from T. V. F. Brogan's Original Bibliography,🌐Princeton Prosody Archive,Dataset,https://doi.org/10.5281/zenodo.3255052,,,401,Downloads,Zenodo,2026-08-11,ok
32,Shakespeare and Company Project Datasets: v2.0,🌐Shakespeare and Company,Dataset,https://doi.org/10.34770/kf6c-b079,,,616,Views,DataCommons,2026-08-11,ok
36,Shakespeare and Company Project Dataset: Lending Library Books: v1.0,🌐Shakespeare and Company,Dataset,https://doi.org/10.34770/yj5r-0m59,,,80,Views,DataCommons,2026-08-11,ok
33,"""Shakespeare and Company Project Dataset: Lending Library Members, Books, Events: v1.0""",🌐Shakespeare and Company,Dataset,https://doi.org/10.34770/dtqa-2981,,,69,Views,DataCommons,2026-08-11,ok
34,Shakespeare and Company Project Dataset: Lending Library Members: v1.0,🌐Shakespeare and Company,Dataset,https://doi.org/10.34770/8c2s-a169,,,61,Views,DataCommons,2026-08-11,ok
35,Shakespeare and Company Project Dataset: Lending Library Events: v1.0,🌐Shakespeare and Company,Dataset,https://doi.org/10.34770/nz90-ym25,,,29,Views,DataCommons,2026-08-11,ok
97,Shakespeare and Company Project Dataset: Lending Library Books: v1.0,🌐Shakespeare and Company,Dataset,https://doi.org/10.34770/yj5r-0m59,,,29,Downloads,DataCommons,2026-08-11,ok
70,Shakespeare and Company Project Dataset: Lending Library Members: v1.0,🌐Shakespeare and Company,Dataset,https://doi.org/10.34770/8c2s-a169,,,21,Downloads,DataCommons,2026-08-11,ok
71,Shakespeare and Company Project Dataset: Lending Library Events: v1.0,🌐Shakespeare and Company,Dataset,https://doi.org/10.34770/nz90-ym25,,,11,Downloads,DataCommons,2026-08-11,ok
96,"""Shakespeare and Company Project Dataset: Lending Library Members, Books, Events: v1.0""",🌐Shakespeare and Company,Dataset,https://doi.org/10.34770/dtqa-2981,,,12,Downloads,DataCommons,2026-08-11,ok
3,Derrida's Margins datasets: v1.1,🌐Derrida’s Margins,Dataset,https://doi.org/10.34770/8nc6-4418,,,14,Views,DataCommons,2026-08-11,ok
69,Shakespeare and Company Project Datasets: v2.0,🌐Shakespeare and Company,Dataset,https://doi.org/10.34770/kf6c-b079,,,24,Downloads,DataCommons,2026-08-11,ok
59,CDH Project Charter – Princeton Ethiopian Miracles of Mary 2019-20,"""Princeton Ethiopian, Eritrean, and Egyptian Miracles of Mary (PEMM) Project""",Grey Literature,https://doi.org/10.5281/zenodo.3359177,,,1587,Views,Zenodo,2026-08-11,ok
91,CDH Project Charter – Princeton Ethiopian Miracles of Mary 2019-20,"""Princeton Ethiopian, Eritrean, and Egyptian Miracles of Mary (PEMM) Project""",Grey Literature,https://doi.org/10.5281/zenodo.3359177,,,994,Downloads,Zenodo,2026-08-11,ok
30,CDH Project Charter — Princeton Prosody Archive 2017-18,🌐Princeton Prosody Archive,Grey Literature,https://doi.org/10.5281/zenodo.3359171,,,839,Views,Zenodo,2026-08-11,ok
16,CDH Project Charter – Princeton Geniza Project 2020-2021,🌐Geniza,Grey Literature,https://doi.org/10.5281/zenodo.4081714,,,860,Views,Zenodo,2026-08-11,ok
4,CDH Project Charter – Derrida's Margins 2016-17,🌐Derrida’s Margins,Grey Literature,https://doi.org/10.5281/zenodo.3359144,,,709,Views,Zenodo,2026-08-11,ok
17,CDH Project Charter – Princeton Geniza Project 2020-2021,🌐Geniza,Grey Literature,https://doi.org/10.5281/zenodo.4081714,,,703,Downloads,Zenodo,2026-08-11,ok
45,CDH Project Charter — bitKlavier 2017-18,bitKlavier,Grey Literature,https://doi.org/10.5281/zenodo.3359175,,,515,Views,Zenodo,2026-08-11,ok
67,CDH Project Charter — Princeton Prosody Archive 2017-18,🌐Princeton Prosody Archive,Grey Literature,https://doi.org/10.5281/zenodo.3359171,,,476,Downloads,Zenodo,2026-08-11,ok
5,CDH Project Charter – Derrida's Margins 2016-17,🌐Derrida’s Margins,Grey Literature,https://doi.org/10.5281/zenodo.3359144,,,412,Downloads,Zenodo,2026-08-11,ok
62,Simulating Risk Project Charter,Simulating Risks,Grey Literature,https://doi.org/10.5281/zenodo.8087661,,,454,Views,Zenodo,2026-08-11,ok
49,"""""""Built by CDH"""" Long Term Software Agreement""",Internal Projects / PM and Process,Grey Literature,https://doi.org/10.5281/zenodo.3359202,,,329,Views,Zenodo,2026-08-11,ok
93,Simulating Risk Project Charter,Simulating Risks,Grey Literature,https://doi.org/10.5281/zenodo.8087661,,,345,Downloads,Zenodo,2026-08-11,ok
78,CDH Project Charter — bitKlavier 2017-18,bitKlavier,Grey Literature,https://doi.org/10.5281/zenodo.3359175,,,261,Downloads,Zenodo,2026-08-11,ok
14,"""CDH Project Charter – Princeton Geniza Project Year 2, 2021-2022""",🌐Geniza,Grey Literature,https://doi.org/10.5281/zenodo.7841822,,,288,Views,Zenodo,2026-08-11,ok
82,"""""""Built by CDH"""" Long Term Software Agreement""",Internal Projects / PM and Process,Grey Literature,https://doi.org/10.5281/zenodo.3359202,,,171,Downloads,Zenodo,2026-08-11,ok
15,"""CDH Project Charter – Princeton Geniza Project Year 2, 2021-2022""",🌐Geniza,Grey Literature,https://doi.org/10.5281/zenodo.7841822,,,217,Downloads,Zenodo,2026-08-11,ok
57,Citing Marx Project Charter,Marxism’s Marx,Grey Literature,https://doi.org/10.5281/zenodo.14861082,,,308,Views,Zenodo,2026-08-11,ok
89,Citing Marx Project Charter,Marxism’s Marx,Grey Literature,https://doi.org/10.5281/zenodo.14861082,,,250,Downloads,Zenodo,2026-08-11,ok
43,Documents to Data: the evolution of approaches to a library archive,🌐Shakespeare and Company,Presentation / Poster,https://doi.org/10.5281/zenodo.3277319,,,332,Views,Zenodo,2026-08-11,ok
76,Documents to Data: the evolution of approaches to a library archive,🌐Shakespeare and Company,Presentation / Poster,https://doi.org/10.5281/zenodo.3277319,,,224,Downloads,Zenodo,2026-08-11,ok
64,Theorizing risk attitudes and rationality using agent based modeling,Simulating Risks,Presentation / Poster,https://doi.org/10.5281/zenodo.14516240,,,215,Views,Zenodo,2026-08-11,ok
95,Theorizing risk attitudes and rationality using agent based modeling,Simulating Risks,Presentation / Poster,https://doi.org/10.5281/zenodo.14516240,,,321,Downloads,Zenodo,2026-08-11,ok
24,Beyond the Walled Gardens: Reinventing the Digital Research Landscape with the Princeton Prosody Archive,🌐Princeton Prosody Archive,Presentation / Poster,https://doi.org/10.5281/zenodo.13850967,,,261,Views,Zenodo,2026-08-11,ok
26,Working around Walled Gardens: The Princeton Prosody Archive as Workflow,🌐Princeton Prosody Archive,Presentation / Poster,https://doi.org/10.5281/zenodo.12575879,,,230,Views,Zenodo,2026-08-11,ok
85,Modeling Project Management through Charters,Internal Projects / PM and Process,Presentation / Poster,https://doi.org/10.5281/zenodo.14516760,,,559,Downloads,Zenodo,2026-08-11,ok
27,Working around Walled Gardens: The Princeton Prosody Archive as Workflow,🌐Princeton Prosody Archive,Presentation / Poster,https://doi.org/10.5281/zenodo.12575879,,,208,Downloads,Zenodo,2026-08-11,ok
83,Project Management 101,Internal Projects / PM and Process,Presentation / Poster,https://doi.org/10.5281/zenodo.14907039,,,582,Downloads,Zenodo,2026-08-11,ok
25,Beyond the Walled Gardens: Reinventing the Digital Research Landscape with the Princeton Prosody Archive,🌐Princeton Prosody Archive,Presentation / Poster,https://doi.org/10.5281/zenodo.13850967,,,196,Downloads,Zenodo,2026-08-11,ok
50,Project Management 101,Internal Projects / PM and Process,Presentation / Poster,https://doi.org/10.5281/zenodo.14907039,,,195,Views,Zenodo,2026-08-11,ok
63,Simulating risk attitudes and rationality using agent-based modeling,Simulating Risks,Presentation / Poster,https://doi.org/10.5281/zenodo.14516700,,,108,Views,Zenodo,2026-08-11,ok
94,Simulating risk attitudes and rationality using agent-based modeling,Simulating Risks,Presentation / Poster,https://doi.org/10.5281/zenodo.14516700,,,169,Downloads,Zenodo,2026-08-11,ok
52,Modeling Project Management through Charters,Internal Projects / PM and Process,Presentation / Poster,https://doi.org/10.5281/zenodo.14516760,,,119,Views,Zenodo,2026-08-11,ok
40,Shakespeare and Company Project Data Sets,🌐Shakespeare and Company,Publication,https://doi.org/10.22148/001c.32551,,,,Views,CulturalAnalytics,2026-08-11,manual
87,Data Beyond Vision,Internal Projects / PM and Process,Publication,https://doi.org/10.5281/zenodo.3713670,,,1105,Downloads,Zenodo,2026-08-11,ok
38,The World of Shakespeare and Company: An Introduction,🌐Shakespeare and Company,Publication,https://doi.org/10.22148/001c.116905,,,,Views,CulturalAnalytics,2026-08-11,manual
39,"""Missing Data, Speculative Reading""",🌐Shakespeare and Company,Publication,https://doi.org/10.22148/001c.116926,,,,Views,CulturalAnalytics,2026-08-11,manual
42,A Counterfactual Canon,🌐Shakespeare and Company,Publication,https://doi.org/10.22148/001c.116915,,,,Views,CulturalAnalytics,2026-08-11,manual
56,Data Beyond Vision,Internal Projects / PM and Process,Publication,https://doi.org/10.5281/zenodo.3713670,,,696,Views,Zenodo,2026-08-11,ok
54,Data Beyond Vision,Internal Projects / PM and Process,Publication,https://doi.org/10.5281/zenodo.3713670,,,696,Views,Zenodo,2026-08-11,ok
74,Shakespeare and Company Project Data Sets,🌐Shakespeare and Company,Publication,https://doi.org/10.22148/001c.32551,,,,Downloads,CulturalAnalytics,2026-08-11,manual
46,Preparing the Digital Piano: Introducing bitKlavier,bitKlavier,Publication,https://doi.org/10.1162/comj_a_00518,,,,Downloads,MITPress,2026-08-11,manual
65,Elizabeth Barrett Browning's Pathways through the PPA,🌐Princeton Prosody Archive,Publication,http://doi.org/10.5281/zenodo.8292322,,,199,Downloads,Zenodo,2026-08-11,ok
47,Tuning Playfully: Composed and Adaptive Tunings in bitKlavier,bitKlavier,Publication,https://doi.org/10.1162/comj_a_00519,,,,Downloads,MITPress,2026-08-11,manual
29,Coventry Patmore and the Problem of Excerpts,🌐Princeton Prosody Archive,Publication,https://doi.org/10.5281/zenodo.8292370,,,126,Views,Zenodo,2026-08-11,ok
66,Coventry Patmore and the Problem of Excerpts,🌐Princeton Prosody Archive,Publication,https://doi.org/10.5281/zenodo.8292370,,,124,Downloads,Zenodo,2026-08-11,ok
28,Elizabeth Barrett Browning's Pathways through the PPA,🌐Princeton Prosody Archive,Publication,http://doi.org/10.5281/zenodo.8292322,,,107,Views,Zenodo,2026-08-11,ok
73,"""Missing Data, Speculative Reading""",🌐Shakespeare and Company,Publication,https://doi.org/10.22148/001c.116926,,,,Downloads,CulturalAnalytics,2026-08-11,manual
72,The World of Shakespeare and Company: An Introduction,🌐Shakespeare and Company,Publication,https://doi.org/10.22148/001c.116905,,,,Downloads,CulturalAnalytics,2026-08-11,manual
75,A Counterfactual Canon,🌐Shakespeare and Company,Publication,https://doi.org/10.22148/001c.116915,,,,Downloads,CulturalAnalytics,2026-08-11,manual
79,Preparing the Digital Piano: Introducing bitKlavier,bitKlavier,Publication,https://doi.org/10.1162/comj_a_00518,,,,Citation Count,MITPress,2026-08-11,manual
80,Tuning Playfully: Composed and Adaptive Tunings in bitKlavier,bitKlavier,Publication,https://doi.org/10.1162/comj_a_00519,,,,Citation Count,MITPress,2026-08-11,manual
41,Shakespeare and Company Project,🌐Shakespeare and Company,Publication,https://doi.org/10.21428/51bee781.13f8c789,,,,Citation Count,PubPub,2026-08-11,manual
31,mep-django,🌐Shakespeare and Company,Software Release,https://doi.org/10.5281/zenodo.3834178,,,1341,Views,Zenodo,2026-08-11,ok
22,ppa-django,🌐Princeton Prosody Archive,Software Release,https://doi.org/10.5281/zenodo.2400704,,,808,Views,Zenodo,2026-08-11,ok
44,bitKlavier,bitKlavier,Software Release,https://doi.org/10.5281/zenodo.3667650,,,701,Views,Zenodo,2026-08-11,ok
6,geniza,🌐Geniza,Software Release,https://doi.org/10.5281/zenodo.7347726,,,1193,Views,Zenodo,2026-08-11,ok
12,annotorious-tahqiq,🌐Geniza,Software Release,https://doi.org/10.5281/zenodo.14888965,,,633,Views,Zenodo,2026-08-11,ok
60,undate,R&D,Software Release,https://doi.org/10.5281/zenodo.11068867,,,458,Views,Zenodo,2026-08-11,ok
68,mep-django,🌐Shakespeare and Company,Software Release,https://doi.org/10.5281/zenodo.3834178,,,383,Downloads,Zenodo,2026-08-11,ok
48,djiffy,Internal Projects / PM and Process,Software Release,https://doi.org/10.5281/zenodo.15587021,,,420,Views,Zenodo,2026-08-11,ok
13,annotorious-tahqiq,🌐Geniza,Software Release,https://doi.org/10.5281/zenodo.14888965,,,162,Downloads,Zenodo,2026-08-11,ok
23,ppa-django,🌐Princeton Prosody Archive,Software Release,https://doi.org/10.5281/zenodo.2400704,,,207,Downloads,Zenodo,2026-08-11,ok
77,bitKlavier,bitKlavier,Software Release,https://doi.org/10.5281/zenodo.3667650,,,133,Downloads,Zenodo,2026-08-11,ok
7,geniza,🌐Geniza,Software Release,https://doi.org/10.5281/zenodo.7347726,,,335,Downloads,Zenodo,2026-08-11,ok
51,piffle,Internal Projects / PM and Process,Software Release,https://doi.org/10.5281/zenodo.13256210,,,435,Views,Zenodo,2026-08-11,ok
92,undate,R&D,Software Release,https://doi.org/10.5281/zenodo.11068867,,,89,Downloads,Zenodo,2026-08-11,ok
53,django-pucas,Internal Projects / PM and Process,Software Release,https://doi.org/10.5281/zenodo.13905619,,,207,Views,Zenodo,2026-08-11,ok
81,djiffy,Internal Projects / PM and Process,Software Release,https://doi.org/10.5281/zenodo.15587021,,,104,Downloads,Zenodo,2026-08-11,ok
18,corppa,🌐Princeton Prosody Archive,Software Release,https://doi.org/10.5281/zenodo.15312547,,,73,Views,Zenodo,2026-08-11,ok
19,corppa,🌐Princeton Prosody Archive,Software Release,https://doi.org/10.5281/zenodo.15312547,,,34,Downloads,Zenodo,2026-08-11,ok
84,piffle,Internal Projects / PM and Process,Software Release,https://doi.org/10.5281/zenodo.13256210,,,98,Downloads,Zenodo,2026-08-11,ok
86,django-pucas,Internal Projects / PM and Process,Software Release,https://doi.org/10.5281/zenodo.13905619,,,44,Downloads,Zenodo,2026-08-11,ok
107,Derrida's Margins web archive,🌐Derrida’s Margins,WebArchive,https://doi.org/10.34770/yw3y-ze12,,,89,Views,DataCommons,2026-08-11,ok
1,Derrida's Margins web archive,🌐Derrida’s Margins,WebArchive,https://doi.org/10.34770/yw3y-ze12,,,89,Views,DataCommons,2026-08-11,ok
2,Derrida's Margins web archive,🌐Derrida’s Margins,WebArchive,https://doi.org/10.34770/yw3y-ze12,,,9,Downloads,DataCommons,2026-08-11,ok
108,Derrida's Margins web archive,🌐Derrida’s Margins,WebArchive,https://doi.org/10.34770/yw3y-ze12,,,9,Downloads,DataCommons,2026-08-11,ok
