ID,Outputs,Project (from Outputs),Type (from Outputs),Link (from Outputs),Start Date,End Date,Count,Metric Type,DOI Provider
102,,,,,,,,,
58,"""Princeton Ethiopian, Eritrean, and Egyptian Miracles of Mary (PEMM) Project Dataset""","""Princeton Ethiopian, Eritrean, and Egyptian Miracles of Mary (PEMM) Project""",Dataset,https://doi.org/10.5281/zenodo.6909568,,,,Views,Zenodo
90,"""Princeton Ethiopian, Eritrean, and Egyptian Miracles of Mary (PEMM) Project Dataset""","""Princeton Ethiopian, Eritrean, and Egyptian Miracles of Mary (PEMM) Project""",Dataset,https://doi.org/10.5281/zenodo.6909568,,,,Downloads,Zenodo
20,Princeton Prosody Archive Dataset Generated from T. V. F. Brogan's Original Bibliography,🌐Princeton Prosody Archive,Dataset,https://doi.org/10.5281/zenodo.3255052,,,,Views,Zenodo
21,Princeton Prosody Archive Dataset Generated from T. V. F. Brogan's Original Bibliography,🌐Princeton Prosody Archive,Dataset,https://doi.org/10.5281/zenodo.3255052,,,,Downloads,Zenodo
32,Shakespeare and Company Project Datasets: v2.0,🌐Shakespeare and Company,Dataset,https://doi.org/10.34770/kf6c-b079,,,,Views,DataCommons
36,Shakespeare and Company Project Dataset: Lending Library Books: v1.0,🌐Shakespeare and Company,Dataset,https://doi.org/10.34770/yj5r-0m59,,,,Views,DataCommons
33,"""Shakespeare and Company Project Dataset: Lending Library Members, Books, Events: v1.0""",🌐Shakespeare and Company,Dataset,https://doi.org/10.34770/dtqa-2981,,,,Views,DataCommons
34,Shakespeare and Company Project Dataset: Lending Library Members: v1.0,🌐Shakespeare and Company,Dataset,https://doi.org/10.34770/8c2s-a169,,,,Views,DataCommons
35,Shakespeare and Company Project Dataset: Lending Library Events: v1.0,🌐Shakespeare and Company,Dataset,https://doi.org/10.34770/nz90-ym25,,,,Views,DataCommons
97,Shakespeare and Company Project Dataset: Lending Library Books: v1.0,🌐Shakespeare and Company,Dataset,https://doi.org/10.34770/yj5r-0m59,,,,Downloads,DataCommons
70,Shakespeare and Company Project Dataset: Lending Library Members: v1.0,🌐Shakespeare and Company,Dataset,https://doi.org/10.34770/8c2s-a169,,,,Downloads,DataCommons
71,Shakespeare and Company Project Dataset: Lending Library Events: v1.0,🌐Shakespeare and Company,Dataset,https://doi.org/10.34770/nz90-ym25,,,,Downloads,DataCommons
96,"""Shakespeare and Company Project Dataset: Lending Library Members, Books, Events: v1.0""",🌐Shakespeare and Company,Dataset,https://doi.org/10.34770/dtqa-2981,,,,Downloads,DataCommons
3,Derrida's Margins datasets: v1.1,🌐Derrida’s Margins,Dataset,https://doi.org/10.34770/8nc6-4418,,,,Views,DataCommons
69,Shakespeare and Company Project Datasets: v2.0,🌐Shakespeare and Company,Dataset,https://doi.org/10.34770/kf6c-b079,,,,Downloads,DataCommons
59,CDH Project Charter – Princeton Ethiopian Miracles of Mary 2019-20,"""Princeton Ethiopian, Eritrean, and Egyptian Miracles of Mary (PEMM) Project""",Grey Literature,https://doi.org/10.5281/zenodo.3359177,,,,Views,Zenodo
91,CDH Project Charter – Princeton Ethiopian Miracles of Mary 2019-20,"""Princeton Ethiopian, Eritrean, and Egyptian Miracles of Mary (PEMM) Project""",Grey Literature,https://doi.org/10.5281/zenodo.3359177,,,,Downloads,Zenodo
30,CDH Project Charter — Princeton Prosody Archive 2017-18,🌐Princeton Prosody Archive,Grey Literature,https://doi.org/10.5281/zenodo.3359171,,,,Views,Zenodo
16,CDH Project Charter – Princeton Geniza Project 2020-2021,🌐Geniza,Grey Literature,https://doi.org/10.5281/zenodo.4081714,,,,Views,Zenodo
4,CDH Project Charter – Derrida's Margins 2016-17,🌐Derrida’s Margins,Grey Literature,https://doi.org/10.5281/zenodo.3359144,,,,Views,Zenodo
17,CDH Project Charter – Princeton Geniza Project 2020-2021,🌐Geniza,Grey Literature,https://doi.org/10.5281/zenodo.4081714,,,,Downloads,Zenodo
45,CDH Project Charter — bitKlavier 2017-18,bitKlavier,Grey Literature,https://doi.org/10.5281/zenodo.3359175,,,,Views,Zenodo
67,CDH Project Charter — Princeton Prosody Archive 2017-18,🌐Princeton Prosody Archive,Grey Literature,https://doi.org/10.5281/zenodo.3359171,,,,Downloads,Zenodo
5,CDH Project Charter – Derrida's Margins 2016-17,🌐Derrida’s Margins,Grey Literature,https://doi.org/10.5281/zenodo.3359144,,,,Downloads,Zenodo
62,Simulating Risk Project Charter,Simulating Risks,Grey Literature,https://doi.org/10.5281/zenodo.8087661,,,,Views,Zenodo
49,"""""""Built by CDH"""" Long Term Software Agreement""",Internal Projects / PM and Process,Grey Literature,https://doi.org/10.5281/zenodo.3359202,,,,Views,Zenodo
93,Simulating Risk Project Charter,Simulating Risks,Grey Literature,https://doi.org/10.5281/zenodo.8087661,,,,Downloads,Zenodo
78,CDH Project Charter — bitKlavier 2017-18,bitKlavier,Grey Literature,https://doi.org/10.5281/zenodo.3359175,,,,Downloads,Zenodo
14,"""CDH Project Charter – Princeton Geniza Project Year 2, 2021-2022""",🌐Geniza,Grey Literature,https://doi.org/10.5281/zenodo.7841822,,,,Views,Zenodo
82,"""""""Built by CDH"""" Long Term Software Agreement""",Internal Projects / PM and Process,Grey Literature,https://doi.org/10.5281/zenodo.3359202,,,,Downloads,Zenodo
15,"""CDH Project Charter – Princeton Geniza Project Year 2, 2021-2022""",🌐Geniza,Grey Literature,https://doi.org/10.5281/zenodo.7841822,,,,Downloads,Zenodo
57,Citing Marx Project Charter,Marxism’s Marx,Grey Literature,https://doi.org/10.5281/zenodo.14861082,,,,Views,Zenodo
89,Citing Marx Project Charter,Marxism’s Marx,Grey Literature,https://doi.org/10.5281/zenodo.14861082,,,,Downloads,Zenodo
43,Documents to Data: the evolution of approaches to a library archive,🌐Shakespeare and Company,Presentation / Poster,https://doi.org/10.5281/zenodo.3277319,,,,Views,Zenodo
76,Documents to Data: the evolution of approaches to a library archive,🌐Shakespeare and Company,Presentation / Poster,https://doi.org/10.5281/zenodo.3277319,,,,Downloads,Zenodo
64,Theorizing risk attitudes and rationality using agent based modeling,Simulating Risks,Presentation / Poster,https://doi.org/10.5281/zenodo.14516240,,,,Views,Zenodo
95,Theorizing risk attitudes and rationality using agent based modeling,Simulating Risks,Presentation / Poster,https://doi.org/10.5281/zenodo.14516240,,,,Downloads,Zenodo
24,Beyond the Walled Gardens: Reinventing the Digital Research Landscape with the Princeton Prosody Archive,🌐Princeton Prosody Archive,Presentation / Poster,https://doi.org/10.5281/zenodo.13850967,,,,Views,Zenodo
26,Working around Walled Gardens: The Princeton Prosody Archive as Workflow,🌐Princeton Prosody Archive,Presentation / Poster,https://doi.org/10.5281/zenodo.12575879,,,,Views,Zenodo
85,Modeling Project Management through Charters,Internal Projects / PM and Process,Presentation / Poster,https://doi.org/10.5281/zenodo.14516760,,,,Downloads,Zenodo
27,Working around Walled Gardens: The Princeton Prosody Archive as Workflow,🌐Princeton Prosody Archive,Presentation / Poster,https://doi.org/10.5281/zenodo.12575879,,,,Downloads,Zenodo
83,Project Management 101,Internal Projects / PM and Process,Presentation / Poster,https://doi.org/10.5281/zenodo.14907039,,,,Downloads,Zenodo
25,Beyond the Walled Gardens: Reinventing the Digital Research Landscape with the Princeton Prosody Archive,🌐Princeton Prosody Archive,Presentation / Poster,https://doi.org/10.5281/zenodo.13850967,,,,Downloads,Zenodo
50,Project Management 101,Internal Projects / PM and Process,Presentation / Poster,https://doi.org/10.5281/zenodo.14907039,,,,Views,Zenodo
63,Simulating risk attitudes and rationality using agent-based modeling,Simulating Risks,Presentation / Poster,https://doi.org/10.5281/zenodo.14516700,,,,Views,Zenodo
94,Simulating risk attitudes and rationality using agent-based modeling,Simulating Risks,Presentation / Poster,https://doi.org/10.5281/zenodo.14516700,,,,Downloads,Zenodo
52,Modeling Project Management through Charters,Internal Projects / PM and Process,Presentation / Poster,https://doi.org/10.5281/zenodo.14516760,,,,Views,Zenodo
40,Shakespeare and Company Project Data Sets,🌐Shakespeare and Company,Publication,https://doi.org/10.22148/001c.32551,,,,Views,CulturalAnalytics
87,Data Beyond Vision,Internal Projects / PM and Process,Publication,https://doi.org/10.5281/zenodo.3713670,,,,Downloads,Zenodo
38,The World of Shakespeare and Company: An Introduction,🌐Shakespeare and Company,Publication,https://doi.org/10.22148/001c.116905,,,,Views,CulturalAnalytics
39,"""Missing Data, Speculative Reading""",🌐Shakespeare and Company,Publication,https://doi.org/10.22148/001c.116926,,,,Views,CulturalAnalytics
42,A Counterfactual Canon,🌐Shakespeare and Company,Publication,https://doi.org/10.22148/001c.116915,,,,Views,CulturalAnalytics
56,Data Beyond Vision,Internal Projects / PM and Process,Publication,https://doi.org/10.5281/zenodo.3713670,,,,Views,Zenodo
54,Data Beyond Vision,Internal Projects / PM and Process,Publication,https://doi.org/10.5281/zenodo.3713670,,,,Views,Zenodo
74,Shakespeare and Company Project Data Sets,🌐Shakespeare and Company,Publication,https://doi.org/10.22148/001c.32551,,,,Downloads,CulturalAnalytics
46,Preparing the Digital Piano: Introducing bitKlavier,bitKlavier,Publication,https://doi.org/10.1162/comj_a_00518,,,,Downloads,MITPress
65,Elizabeth Barrett Browning's Pathways through the PPA,🌐Princeton Prosody Archive,Publication,http://doi.org/10.5281/zenodo.8292322,,,,Downloads,Zenodo
47,Tuning Playfully: Composed and Adaptive Tunings in bitKlavier,bitKlavier,Publication,https://doi.org/10.1162/comj_a_00519,,,,Downloads,MITPress
29,Coventry Patmore and the Problem of Excerpts,🌐Princeton Prosody Archive,Publication,https://doi.org/10.5281/zenodo.8292370,,,,Views,Zenodo
66,Coventry Patmore and the Problem of Excerpts,🌐Princeton Prosody Archive,Publication,https://doi.org/10.5281/zenodo.8292370,,,,Downloads,Zenodo
28,Elizabeth Barrett Browning's Pathways through the PPA,🌐Princeton Prosody Archive,Publication,http://doi.org/10.5281/zenodo.8292322,,,,Views,Zenodo
73,"""Missing Data, Speculative Reading""",🌐Shakespeare and Company,Publication,https://doi.org/10.22148/001c.116926,,,,Downloads,CulturalAnalytics
72,The World of Shakespeare and Company: An Introduction,🌐Shakespeare and Company,Publication,https://doi.org/10.22148/001c.116905,,,,Downloads,CulturalAnalytics
75,A Counterfactual Canon,🌐Shakespeare and Company,Publication,https://doi.org/10.22148/001c.116915,,,,Downloads,CulturalAnalytics
79,Preparing the Digital Piano: Introducing bitKlavier,bitKlavier,Publication,https://doi.org/10.1162/comj_a_00518,,,,Citation Count,MITPress
80,Tuning Playfully: Composed and Adaptive Tunings in bitKlavier,bitKlavier,Publication,https://doi.org/10.1162/comj_a_00519,,,,Citation Count,MITPress
41,Shakespeare and Company Project,🌐Shakespeare and Company,Publication,https://doi.org/10.21428/51bee781.13f8c789,,,,Citation Count,PubPub
31,mep-django,🌐Shakespeare and Company,Software Release,https://doi.org/10.5281/zenodo.3834178,,,,Views,Zenodo
22,ppa-django,🌐Princeton Prosody Archive,Software Release,https://doi.org/10.5281/zenodo.2400704,,,,Views,Zenodo
44,bitKlavier,bitKlavier,Software Release,https://doi.org/10.5281/zenodo.3667650,,,,Views,Zenodo
6,geniza,🌐Geniza,Software Release,https://doi.org/10.5281/zenodo.7347726,,,,Views,Zenodo
12,annotorious-tahqiq,🌐Geniza,Software Release,https://doi.org/10.5281/zenodo.14888965,,,,Views,Zenodo
60,undate,R&D,Software Release,https://doi.org/10.5281/zenodo.11068867,,,,Views,Zenodo
68,mep-django,🌐Shakespeare and Company,Software Release,https://doi.org/10.5281/zenodo.3834178,,,,Downloads,Zenodo
48,djiffy,Internal Projects / PM and Process,Software Release,https://doi.org/10.5281/zenodo.15587021,,,,Views,Zenodo
13,annotorious-tahqiq,🌐Geniza,Software Release,https://doi.org/10.5281/zenodo.14888965,,,,Downloads,Zenodo
23,ppa-django,🌐Princeton Prosody Archive,Software Release,https://doi.org/10.5281/zenodo.2400704,,,,Downloads,Zenodo
77,bitKlavier,bitKlavier,Software Release,https://doi.org/10.5281/zenodo.3667650,,,,Downloads,Zenodo
7,geniza,🌐Geniza,Software Release,https://doi.org/10.5281/zenodo.7347726,,,,Downloads,Zenodo
51,piffle,Internal Projects / PM and Process,Software Release,https://doi.org/10.5281/zenodo.13256210,,,,Views,Zenodo
92,undate,R&D,Software Release,https://doi.org/10.5281/zenodo.11068867,,,,Downloads,Zenodo
53,django-pucas,Internal Projects / PM and Process,Software Release,https://doi.org/10.5281/zenodo.13905619,,,,Views,Zenodo
81,djiffy,Internal Projects / PM and Process,Software Release,https://doi.org/10.5281/zenodo.15587021,,,,Downloads,Zenodo
18,corppa,🌐Princeton Prosody Archive,Software Release,https://doi.org/10.5281/zenodo.15312547,,,,Views,Zenodo
19,corppa,🌐Princeton Prosody Archive,Software Release,https://doi.org/10.5281/zenodo.15312547,,,,Downloads,Zenodo
84,piffle,Internal Projects / PM and Process,Software Release,https://doi.org/10.5281/zenodo.13256210,,,,Downloads,Zenodo
86,django-pucas,Internal Projects / PM and Process,Software Release,https://doi.org/10.5281/zenodo.13905619,,,,Downloads,Zenodo
107,Derrida's Margins web archive,🌐Derrida’s Margins,WebArchive,https://doi.org/10.34770/yw3y-ze12,,,,Views,DataCommons
1,Derrida's Margins web archive,🌐Derrida’s Margins,WebArchive,https://doi.org/10.34770/yw3y-ze12,,,,Views,DataCommons
2,Derrida's Margins web archive,🌐Derrida’s Margins,WebArchive,https://doi.org/10.34770/yw3y-ze12,,,,Downloads,DataCommons
108,Derrida's Margins web archive,🌐Derrida’s Margins,WebArchive,https://doi.org/10.34770/yw3y-ze12,,,,Downloads,DataCommons
