source,upstream_key,decision,output_id,decided_date,title
zenodo,17109457,keep,o097,2026-08-12,Attribution Bias in Literary Style Evaluation: Comparing Human and AI Perceptions of Authorship
zenodo,16876911,keep,o098,2026-08-12,"Teaching Critical AI Literacy through ""Lab""-Based Learning"
zenodo,14537978,keep,o099,2026-08-12,Time Horizons of Futuristic Fiction [poster]
zenodo,14518294,keep,o100,2026-08-12,Evaluating Augmented Training Data for Complex Document Layouts: the Case of Arabic Scientific Manuscripts
zenodo,14516829,skip,,2026-08-12,Versions and Values: Exploring DH Coding Communities and Practices on GitHub
zenodo,14516551,keep,o101,2026-08-12,Computational Approaches to Nigerian Literature: Analyzing Texts in Yoruba and Efik
zenodo,14516179,keep,o102,2026-08-12,Charting the Evolution of Topics and Ideas in the Princeton Prosody Archive
zenodo,8380841,skip,,2026-08-12,Of Sonorous Medieval Chinese Texts and NLP Model Training
zenodo,8380877,skip,,2026-08-12,Toward a Deep Map of Chang'an: Some Reflections of a (Beginning) Practitioner
zenodo,6567965,skip,,2026-08-12,Sobre los loros que hablan español
zenodo,6567480,skip,,2026-08-12,Mapping the Latent Spaces of Culture
zenodo,6567984,skip,,2026-08-12,Are Large Language Models Our Limit Case?
zenodo,4160135,skip,,2026-08-12,Princeton-CDH/startwords: Issue 2
zenodo,5750692,skip,,2026-08-12,Creating and Recreating Virtual Community on Douglass Day
zenodo,5750694,skip,,2026-08-12,Serendipity in the Cairo Geniza
zenodo,5750678,skip,,2026-08-12,"""Strangers in the Landscape"": On Research Development and Making Things for Making"
zenodo,3374002,keep,o103,2026-08-12,Annual Report 2018-2019: Cultivating Princeton's Data Landscape
cdh,a-survey-of-text-based-dh-projects-in-tibetan-studies,keep,,2026-08-14,A Survey of Text-Based DH Projects in Tibetan Studies
cdh,abc-books,keep,,2026-08-14,ABC Books
cdh,archival-justice-enslaved,keep,,2026-08-14,Archival Justice for the Enslaved
cdh,art-hx-visual-and-medical-legacies-of-british-colonialism,keep,,2026-08-14,Art Hx: Visual and Medical Legacies of British Colonialism
cdh,beyond-beauty,keep,,2026-08-14,Beyond Beauty
cdh,building-comparative-database-study-old-and-new-tang-histories,keep,,2026-08-14,Building a Comparative Database for the Study of the Old and New Tang Histories
cdh,changan-a-deep-map,keep,,2026-08-14,Chang’an: A Deep Map
cdh,chinese-archival-handbooks,keep,,2026-08-14,Chinese Archival Handbooks
cdh,chinese-exchange-poems,keep,,2026-08-14,Chinese Exchange Poems
cdh,colored-conventions-project,keep,,2026-08-14,Colored Conventions Project
cdh,common-readers,keep,,2026-08-14,Common Readers
cdh,computational-approaches-to-nigerian-literature-analyzing-texts-in-yoruba-and-efik,keep,,2026-08-14,Computational Approaches to Nigerian Literature
cdh,computer-assisted-pattern-analysis-domenico-scarlattis-keyboard-sonatas,keep,,2026-08-14,Computer-Assisted Pattern Analysis of Domenico Scarlatti&#x27;s Keyboard Sonatas
cdh,critical-studies-in-gaming-lab,keep,,2026-08-14,Critical Studies in Gaming Lab
cdh,curating-analyses-complete-beethoven-quartets,keep,,2026-08-14,Curating Analyses of the Complete Beethoven Quartets
cdh,dallas-wealth-and-inheritance-in-a-population-of-elites-1890-1950,keep,,2026-08-14,"Dallas: Wealth and Inheritance in a Population of Elites, 1890-1950"
cdh,data-beyond-vision,keep,,2026-08-14,Data Beyond Vision
cdh,datastructuring-fragmented-lives-a-probabilistic-record-linkage-to-historical-data,keep,,2026-08-14,Datastructuring Fragmented Lives: A Probabilistic Record Linkage to Historical Data
cdh,davilajs,keep,,2026-08-14,davila.js
cdh,designing-empire,keep,,2026-08-14,Designing Empire
cdh,digital-oulipo,keep,,2026-08-14,Digital Oulipo: Programming Potential Literature
cdh,direct,keep,,2026-08-14,DIRECT
cdh,extracting-data-from-the-bulletin-de-la-convention-nationale,keep,,2026-08-14,Extracting Data From the Bulletin de la Convention Nationale
cdh,finding-fifth-century-britain,keep,,2026-08-14,Finding the Fifth Century in Britain
cdh,flora-and-fauna-in-focus,keep,,2026-08-14,Flora and Fauna in Focus
cdh,from-map-to-dataset,keep,,2026-08-14,From Map to Dataset
cdh,geography-of-taste,keep,,2026-08-14,Geography of Taste
cdh,glitch-in-reality,keep,,2026-08-14,Glitch in Reality
cdh,global-networks-cultural-production,keep,,2026-08-14,Global Networks of Cultural Production
cdh,godly-and-learned-divines,keep,,2026-08-14,Godly and Learned Divines
cdh,grassroots-minstrelsy-in-bronzeville,keep,,2026-08-14,Grassroots Minstrelsy in Bronzeville
cdh,haleeliot-letters,keep,,2026-08-14,Hale/Eliot Letters
cdh,healing-water-and-art,keep,,2026-08-14,"Healing, Water, and Art"
cdh,history-books-and-the-history-of-the-book-in-the-middle-ages,keep,,2026-08-14,History Books and the History of the Book in the Middle Ages
cdh,implementation-preposition-based-semantic-annotation-busas-index-thomisticus,keep,,2026-08-14,Implementation of preposition-based Semantic Annotation in Busa’s Index Thomisticus
cdh,inhabiting-antiquities-in-ottoman-bodrum-reconstructing-a-demolished-neighborhood,keep,,2026-08-14,Inhabiting Antiquities in Ottoman Bodrum: Reconstructing a Demolished Neighborhood
cdh,justinianic-plague,keep,,2026-08-14,The Justinianic Plague
cdh,languages-of-art-writing,keep,,2026-08-14,Languages of Art Writing
cdh,making-and-unmaking-environmental-carcinogens-19602000,keep,,2026-08-14,"The Making (and Unmaking) of Environmental Carcinogens, 1960–2000"
cdh,manliness-insecurity-and-media-discourse-in-contemporary-france,keep,,2026-08-14,"Manliness, Insecurity, and Media Discourse in Contemporary France"
cdh,mapping-iranian-migrants-and-their-networks-bahrain-1920-1950,keep,,2026-08-14,"Mapping Iranian Migrants and their Networks in Bahrain, 1920-1950"
cdh,mapping-medieval-metadata,keep,,2026-08-14,Mapping Medieval Metadata
cdh,mapping-phono-post,keep,,2026-08-14,Mapping Phono-Post
cdh,mapping-suffrage-metropolis,keep,,2026-08-14,Mapping the Suffrage Metropolis
cdh,modeling-culture-new-humanities-practices-in-the-age-of-ai,keep,,2026-08-14,Modeling Culture: New Humanities Practices in the Age of AI
cdh,mondrianify,keep,,2026-08-14,Mondrianify
cdh,muse,keep,,2026-08-14,MuSE (Multilingual Semantic Embeddings)
cdh,new-languages-nlp-building-linguistic-diversity-digital-humanities,keep,,2026-08-14,New Languages for NLP: Building Linguistic Diversity in the Digital Humanities
cdh,pacific-northwest-maritime-trade,keep,,2026-08-14,Pacific Northwest Maritime Trade
cdh,pages-early-soviet-performance,keep,,2026-08-14,Pages of Early Soviet Performance
cdh,parect,keep,,2026-08-14,PARECT
cdh,pastoral-discourse-after-a-mass-shooting,keep,,2026-08-14,Pastoral Discourse After a Mass Shooting
cdh,philly-community-wireless,keep,,2026-08-14,Philly Community Wireless
cdh,playing-soviet,keep,,2026-08-14,Playing Soviet
cdh,pliny-project,keep,,2026-08-14,The Pliny Project
cdh,pope-manuscripts-online,keep,,2026-08-14,Pope Manuscripts Online
cdh,princeton-and-slavery,keep,,2026-08-14,Princeton and Slavery
cdh,reconstructing-past,keep,,2026-08-14,Reconstructing the Past
cdh,remedies-across-contexts,keep,,2026-08-14,Remedies Across Contexts
cdh,rhizomatic-reading,keep,,2026-08-14,Rhizomatic Reading
cdh,segmenting-paratextual-material-in-arabic-scientific-manuscripts,keep,,2026-08-14,Segmenting Paratextual Material in Arabic Scientific Manuscripts
cdh,selling-menthol,keep,,2026-08-14,Selling Menthol
cdh,serge-prokofiev-archive-data,keep,,2026-08-14,The Serge Prokofiev Archive as Data
cdh,shen-nanpin-and-the-problem-of-authenticity,keep,,2026-08-14,Shen Nanpin and the Problem of Authenticity
cdh,silver-age-ballet-on-stage,keep,,2026-08-14,Silver Age Ballet on Stage
cdh,soviet-journals-reconnected,keep,,2026-08-14,Soviet Journals Reconnected
cdh,startwords,keep,,2026-08-14,Startwords
cdh,taking-note,keep,,2026-08-14,Taking Note
cdh,the-ends-of-prosody,keep,,2026-08-14,The Ends of Prosody
cdh,the-first-age-of-lexicons,keep,,2026-08-14,The First Age of Lexicons
cdh,the-monastery-the-bridge-and-the-river,keep,,2026-08-14,"The Monastery, the Bridge and the River"
cdh,the-phenomenological-experiences-of-different-live-or-digital-spaces-for-musical-performance,keep,,2026-08-14,The phenomenological experiences of different live or digital spaces for musical performance
cdh,the-victoria-press-circle,keep,,2026-08-14,The Victoria Press Circle
cdh,the-winthrop-family-on-the-page,keep,,2026-08-14,The Winthrop Family on the Page
cdh,unow-oral-history-project,keep,,2026-08-14,The UNOW Oral History Project
cdh,urban-density-in-the-roman-city,keep,,2026-08-14,Density and Crowding in the Roman City
cdh,visible-princeton,keep,,2026-08-14,(In)Visible Princeton
cdh,willing-prosperity,keep,,2026-08-14,Willing Prosperity
cdh,works-revived-tracking-lifecycles-of-editions-in-the-french-national-bibliography,keep,,2026-08-14,Works Revived: Tracking Lifecycles of Editions in the French National Bibliography
